area,current_state,evidence,demo_ready,production_ready,blocking_for_real_api,required_action,owner_or_dependency
API transport,"HTTP GET transport, timeout, cursor pagination and error propagation implemented",Day 8 transport static audit; HTTP/source-contract regression; two E2E demo datasets,YES,PARTIAL,YES,Validate real endpoint/TLS/network behavior and provider error semantics,CTU IOC + platform
Authentication,API-key/header seam exists; real auth scheme is unknown,Static auth/header evidence only; no authoritative production auth contract,YES (demo),NO,YES,"Confirm auth method, token flow, expiry, refresh and required headers; extend adapter only if unsupported",CTU IOC
Contract validation,Schema/version/required-field checks exist,Contract tests and Day 8 schema-validation audit,YES,PARTIAL,YES,Receive authoritative production schemas/examples and run controlled contract validation,CTU IOC + data team
Bronze,Source-native Bronze + 9 technical metadata/checksum fields validated,Learning and Teaching final Bronze readback: 30 rows each with dataset/batch/checksum checks,YES,PARTIAL,NO,Retain current principle; confirm production retention/encryption/governance,Platform/ops
Mapping,Registry-driven source-to-canonical seam implemented,Generic-boundary audit; two dataset wrappers/configurations,YES,PARTIAL,YES,Map real source fields/types only after production contract is received,CTU IOC + data team
Silver,Generic Silver mechanics validated across two datasets,Full Day 8 regression; Learning and Teaching final E2E,YES,PARTIAL,NO,Reuse engine; change only dataset contract/wrapper configuration where evidence requires,Data team
DQ,DQ execution exists; Teaching rules are demo-assumed,Generic Silver tests and final Teaching runtime; truth audit classifies policy as demo,YES (demo),NO for business policy,YES,"Obtain business-owner signoff for ranges, required fields and semantic rules",CTU IOC business owner
Quarantine,Implemented and queryable,Generic quarantine tests; both final baselines currently have 0 quarantined rows,YES,PARTIAL,NO,"Define production ownership, thresholds, retention and remediation procedure",Data team + ops
Gold,Separate Learning and Teaching Gold models validated,Learning formula/trend/lineage/business mismatch=0; Teaching semantic/lineage mismatch=0,YES,PARTIAL,YES if source semantics differ,"Revalidate formulas, grain and business meaning against authoritative production fields",Business owner + data team
Nessie,Current lifecycle/branch integration available,Existing platform runtime and protected Nessie integration remain intact,YES,PARTIAL,NO,"Define production governance, retention and branch promotion policy",Platform/ops
Trino,Both Gold marts queryable,Day 8 final Learning/Teaching Trino reconciliation: 30 rows each,YES,PARTIAL,NO,"Define production access control, SLA and monitoring",Platform/ops
Superset,Both dashboards available through Trino,Browser acceptance; Learning 10 charts; Teaching 8 charts and 4 native filters,YES,PARTIAL,NO,Harden permissions/CSP and adjust labels/filters only if canonical fields change,BI + security
Airflow,One generic 8-stage API DAG serves both datasets,8F automated audit + browser screenshots; both latest runs 8/8 success,YES,PARTIAL,NO,"Harden secrets, alerting and retry policy after provider SLA is known",Platform/ops
Security,Inline sensitive settings exist in local/demo configuration,8G security audit: 14 sensitive settings classified as inline values,YES (demo),NO,YES,"Externalize secrets, rotate as appropriate, harden component auth/CSP/access controls",Security/ops
Observability,"Task states/logs, batch IDs, checksums, Bronze metadata, quarantine, Trino and Superset evidence exist",8G observability inventory,YES,PARTIAL,NO,"Define central alerting, log retention, SLI/SLO, trace correlation and ownership",Ops
Schema evolution,Breaking-change cases are classified,8G schema-evolution audit,YES (documented),PARTIAL,YES,Agree provider version/change-notification process and revalidate every breaking version,CTU IOC + data team
Error handling,Generic failures propagate; no specialized 429/backoff policy found,8G failure-mode matrix and static rate-limit audit,YES (generic),PARTIAL,YES,"Confirm retryability, Retry-After, timeout and outage guidance",CTU IOC + platform
Partner contract,Authoritative CTU IOC production contract is not yet verified,8G truth matrix,NO,NO,YES,Provide endpoint/auth/fields/keys/update-delete/pagination/rate-limit/error/SLA contract,CTU IOC
