ma_yeu_cau,ma_lop_hp,ngay_yeu_cau,thoi_gian_cu,thoi_gian_moi,ly_do,trang_thai
DL_0001,BK_HP0625,2025-10-21,2025-10-23 15:30:00,2025-10-26 15:30:00,Phòng học bảo trì hệ thống máy chiếu/điều hòa,Đã duyệt
DL_0002,BK_HP0048,2025-10-31,2025-11-02 13:30:00,2025-11-05 13:30:00,Phòng học bảo trì hệ thống máy chiếu/điều hòa,Đã duyệt
DL_0003,BK_HP0380,2025-10-12,2025-10-14 15:30:00,2025-10-17 15:30:00,"Báo ốm đột xuất, đổi sang buổi học bù",Đã duyệt
DL_0004,BK_HP0337,2025-11-14,2025-11-16 07:00:00,2025-11-19 07:00:00,Trùng lịch hội nghị khoa học quốc tế,Đã duyệt
DL_0005,BK_HP0335,2025-10-13,2025-10-15 07:00:00,2025-10-18 07:00:00,Học phần chuyển sang phòng máy vi tính chuyên dụng,Đã duyệt
DL_0006,BK_HP0387,2025-10-23,2025-10-25 15:30:00,2025-10-28 15:30:00,Trùng lịch hội nghị khoa học quốc tế,Đã duyệt
DL_0007,BK_HP0103,2025-11-17,2025-11-19 13:30:00,2025-11-22 13:30:00,Trùng lịch hội nghị khoa học quốc tế,Đã duyệt
DL_0008,BK_HP0649,2025-10-12,2025-10-14 13:30:00,2025-10-17 13:30:00,Giảng viên công tác chuyên môn đột xuất,Đã duyệt
DL_0009,BK_HP0529,2025-10-16,2025-10-18 09:30:00,2025-10-21 09:30:00,Giảng viên công tác chuyên môn đột xuất,Đã duyệt
DL_0010,BK_HP0427,2025-10-31,2025-11-02 13:30:00,2025-11-05 13:30:00,Phòng học bảo trì hệ thống máy chiếu/điều hòa,Đã duyệt
DL_0011,BK_HP0315,2025-09-29,2025-10-01 09:30:00,2025-10-04 09:30:00,Trùng lịch hội nghị khoa học quốc tế,Đã duyệt
DL_0012,BK_HP0098,2025-10-03,2025-10-05 13:30:00,2025-10-08 13:30:00,"Báo ốm đột xuất, đổi sang buổi học bù",Đã duyệt
DL_0013,BK_HP0459,2025-11-15,2025-11-17 09:30:00,2025-11-20 09:30:00,"Báo ốm đột xuất, đổi sang buổi học bù",Đã duyệt
DL_0014,BK_HP0612,2025-10-16,2025-10-18 13:30:00,2025-10-21 13:30:00,Giảng viên công tác chuyên môn đột xuất,Đã duyệt
DL_0015,BK_HP0340,2025-10-04,2025-10-06 09:30:00,2025-10-09 09:30:00,Trùng lịch bảo vệ luận án tiến sĩ,Đã duyệt
DL_0016,BK_HP0633,2025-11-07,2025-11-09 13:30:00,2025-11-12 13:30:00,"Báo ốm đột xuất, đổi sang buổi học bù",Đã duyệt
DL_0017,BK_HP0653,2025-10-14,2025-10-16 13:30:00,2025-10-19 13:30:00,Phòng học bảo trì hệ thống máy chiếu/điều hòa,Đã duyệt
DL_0018,BK_HP0548,2025-11-20,2025-11-22 15:30:00,2025-11-25 15:30:00,Giảng viên công tác chuyên môn đột xuất,Đã duyệt
DL_0019,KHTN_HP0335,2025-10-25,2025-10-27 07:00:00,2025-10-30 07:00:00,Trùng lịch bảo vệ luận án tiến sĩ,Đã duyệt
DL_0020,KHTN_HP0295,2025-10-21,2025-10-23 15:30:00,2025-10-26 15:30:00,Tham gia đoàn đánh giá kiểm định chất lượng,Đã duyệt
DL_0021,KHTN_HP0337,2025-10-05,2025-10-07 13:30:00,2025-10-10 13:30:00,Tham gia đoàn đánh giá kiểm định chất lượng,Đã duyệt
DL_0022,KHTN_HP0415,2025-09-26,2025-09-28 09:30:00,2025-10-01 09:30:00,Trùng lịch bảo vệ luận án tiến sĩ,Đã duyệt
DL_0023,KHTN_HP0073,2025-09-28,2025-09-30 09:30:00,2025-10-03 09:30:00,Phòng học bảo trì hệ thống máy chiếu/điều hòa,Đã duyệt
DL_0024,KHTN_HP0031,2025-11-24,2025-11-26 13:30:00,2025-11-29 13:30:00,Tham gia đoàn đánh giá kiểm định chất lượng,Đã duyệt
DL_0025,KHTN_HP0393,2025-11-05,2025-11-07 07:00:00,2025-11-10 07:00:00,Phòng học bảo trì hệ thống máy chiếu/điều hòa,Đã duyệt
DL_0026,KHTN_HP0205,2025-09-27,2025-09-29 09:30:00,2025-10-02 09:30:00,"Báo ốm đột xuất, đổi sang buổi học bù",Đã duyệt
DL_0027,KHTN_HP0041,2025-10-04,2025-10-06 07:00:00,2025-10-09 07:00:00,Trùng lịch hội nghị khoa học quốc tế,Đã duyệt
DL_0028,KHTN_HP0196,2025-09-26,2025-09-28 13:30:00,2025-10-01 13:30:00,Tham gia đoàn đánh giá kiểm định chất lượng,Đã duyệt
DL_0029,KHTN_HP0232,2025-11-18,2025-11-20 09:30:00,2025-11-23 09:30:00,Giảng viên công tác chuyên môn đột xuất,Đã duyệt
DL_0030,KT_HP0028,2025-11-16,2025-11-18 07:00:00,2025-11-21 07:00:00,"Báo ốm đột xuất, đổi sang buổi học bù",Đã duyệt
DL_0031,KT_HP0019,2025-10-29,2025-10-31 13:30:00,2025-11-03 13:30:00,Học phần chuyển sang phòng máy vi tính chuyên dụng,Đã duyệt
DL_0032,KT_HP0356,2025-10-14,2025-10-16 07:00:00,2025-10-19 07:00:00,Phòng học bảo trì hệ thống máy chiếu/điều hòa,Đã duyệt
DL_0033,KT_HP0590,2025-11-17,2025-11-19 09:30:00,2025-11-22 09:30:00,Giảng viên công tác chuyên môn đột xuất,Đã duyệt
DL_0034,KT_HP0121,2025-11-13,2025-11-15 13:30:00,2025-11-18 13:30:00,Tham gia đoàn đánh giá kiểm định chất lượng,Đã duyệt
DL_0035,KT_HP0234,2025-11-10,2025-11-12 07:00:00,2025-11-15 07:00:00,Giảng viên công tác chuyên môn đột xuất,Đã duyệt
DL_0036,KT_HP0409,2025-10-23,2025-10-25 15:30:00,2025-10-28 15:30:00,"Báo ốm đột xuất, đổi sang buổi học bù",Đã duyệt
DL_0037,KT_HP0580,2025-10-21,2025-10-23 09:30:00,2025-10-26 09:30:00,"Báo ốm đột xuất, đổi sang buổi học bù",Đã duyệt
DL_0038,KT_HP0462,2025-11-22,2025-11-24 07:00:00,2025-11-27 07:00:00,"Báo ốm đột xuất, đổi sang buổi học bù",Đã duyệt
DL_0039,CNTT_HP0254,2025-11-02,2025-11-04 07:00:00,2025-11-07 07:00:00,Phòng học bảo trì hệ thống máy chiếu/điều hòa,Đã duyệt
DL_0040,CNTT_HP0144,2025-10-06,2025-10-08 15:30:00,2025-10-11 15:30:00,Tham gia đoàn đánh giá kiểm định chất lượng,Đã duyệt
DL_0041,CNTT_HP0121,2025-10-29,2025-10-31 07:00:00,2025-11-03 07:00:00,Tham gia đoàn đánh giá kiểm định chất lượng,Đã duyệt
DL_0042,CNTT_HP0226,2025-10-13,2025-10-15 13:30:00,2025-10-18 13:30:00,Trùng lịch hội nghị khoa học quốc tế,Đã duyệt
DL_0043,CNTT_HP0369,2025-11-21,2025-11-23 09:30:00,2025-11-26 09:30:00,Giảng viên công tác chuyên môn đột xuất,Đã duyệt
DL_0044,CNTT_HP0469,2025-10-23,2025-10-25 13:30:00,2025-10-28 13:30:00,Phòng học bảo trì hệ thống máy chiếu/điều hòa,Đã duyệt
DL_0045,CNTT_HP0104,2025-10-01,2025-10-03 15:30:00,2025-10-06 15:30:00,Trùng lịch hội nghị khoa học quốc tế,Đã duyệt
DL_0046,CNTT_HP0135,2025-09-30,2025-10-02 15:30:00,2025-10-05 15:30:00,Giảng viên công tác chuyên môn đột xuất,Đã duyệt
DL_0047,NN_HP0295,2025-10-18,2025-10-20 09:30:00,2025-10-23 09:30:00,Phòng học bảo trì hệ thống máy chiếu/điều hòa,Đã duyệt
DL_0048,NN_HP0489,2025-10-27,2025-10-29 15:30:00,2025-11-01 15:30:00,Trùng lịch bảo vệ luận án tiến sĩ,Đã duyệt
DL_0049,NN_HP0395,2025-11-05,2025-11-07 15:30:00,2025-11-10 15:30:00,Trùng lịch bảo vệ luận án tiến sĩ,Đã duyệt
DL_0050,NN_HP0450,2025-10-22,2025-10-24 15:30:00,2025-10-27 15:30:00,"Báo ốm đột xuất, đổi sang buổi học bù",Đã duyệt
DL_0051,NN_HP0181,2025-11-17,2025-11-19 07:00:00,2025-11-22 07:00:00,Trùng lịch bảo vệ luận án tiến sĩ,Đã duyệt
DL_0052,NN_HP0088,2025-09-29,2025-10-01 09:30:00,2025-10-04 09:30:00,Trùng lịch hội nghị khoa học quốc tế,Đã duyệt
DL_0053,SP_HP0332,2025-11-22,2025-11-24 09:30:00,2025-11-27 09:30:00,Học phần chuyển sang phòng máy vi tính chuyên dụng,Đã duyệt
DL_0054,SP_HP0019,2025-09-26,2025-09-28 15:30:00,2025-10-01 15:30:00,Phòng học bảo trì hệ thống máy chiếu/điều hòa,Đã duyệt
DL_0055,SP_HP0243,2025-11-19,2025-11-21 09:30:00,2025-11-24 09:30:00,Học phần chuyển sang phòng máy vi tính chuyên dụng,Đã duyệt
DL_0056,SP_HP0233,2025-11-08,2025-11-10 13:30:00,2025-11-13 13:30:00,Học phần chuyển sang phòng máy vi tính chuyên dụng,Đã duyệt
DL_0057,SP_HP0095,2025-10-01,2025-10-03 13:30:00,2025-10-06 13:30:00,Trùng lịch hội nghị khoa học quốc tế,Đã duyệt
DL_0058,TS_HP0008,2025-09-29,2025-10-01 13:30:00,2025-10-04 13:30:00,"Báo ốm đột xuất, đổi sang buổi học bù",Đã duyệt
DL_0059,TS_HP0121,2025-10-26,2025-10-28 15:30:00,2025-10-31 15:30:00,Trùng lịch bảo vệ luận án tiến sĩ,Đã duyệt
DL_0060,TS_HP0138,2025-11-05,2025-11-07 07:00:00,2025-11-10 07:00:00,Trùng lịch hội nghị khoa học quốc tế,Đã duyệt
DL_0061,TS_HP0292,2025-09-25,2025-09-27 15:30:00,2025-09-30 15:30:00,Giảng viên công tác chuyên môn đột xuất,Đã duyệt
DL_0062,NNGU_HP0012,2025-11-11,2025-11-13 13:30:00,2025-11-16 13:30:00,Trùng lịch bảo vệ luận án tiến sĩ,Đã duyệt
DL_0063,NNGU_HP0041,2025-10-14,2025-10-16 13:30:00,2025-10-19 13:30:00,Trùng lịch hội nghị khoa học quốc tế,Đã duyệt
DL_0064,NNGU_HP0005,2025-10-23,2025-10-25 13:30:00,2025-10-28 13:30:00,Học phần chuyển sang phòng máy vi tính chuyên dụng,Đã duyệt
DL_0065,KHXHNV_HP0144,2025-10-24,2025-10-26 15:30:00,2025-10-29 15:30:00,Trùng lịch hội nghị khoa học quốc tế,Đã duyệt
DL_0066,KHXHNV_HP0253,2025-10-06,2025-10-08 07:00:00,2025-10-11 07:00:00,Trùng lịch hội nghị khoa học quốc tế,Đã duyệt
DL_0067,CNSHTP_HP0163,2025-10-26,2025-10-28 13:30:00,2025-10-31 13:30:00,Học phần chuyển sang phòng máy vi tính chuyên dụng,Đã duyệt
