ma_chi_tieu,ma_don_vi,quy_danh_gia,muc_dang_ky,muc_dat,nguyen_nhan,thoi_gian_cap_nhat
KPI-0001,TT.HTKT,Q4/2025,105,101,Khối lượng công việc tăng đột biến,2025-12-29 18:18:00
KPI-0002,BAN.CL,Q3/2022,32,25,Phụ thuộc tiến độ từ đơn vị phối hợp,2025-06-20 13:14:00
KPI-0003,P.PM,Q4/2021,36,36,Tăng tần suất rà soát và kiểm soát,2026-04-05 08:29:00
KPI-0004,P.PM,Q3/2022,36,35,Tỷ lệ xử lý tồn đọng cao hơn dự kiến,2025-07-14 17:08:00
KPI-0005,P.DVKH,Q2/2021,107,96,Thời gian bảo trì kéo dài hơn kế hoạch,2026-04-28 16:06:00
KPI-0006,P.PM,Q4/2024,9.3,10.0,Kế hoạch được triển khai đúng tiến độ,2025-12-29 09:16:00
KPI-0007,TT.CNTT,Q1/2025,90%,82%,Tỷ lệ xử lý tồn đọng cao hơn dự kiến,2025-03-11 18:39:00
KPI-0008,BAN.CL,Q1/2021,9.1,8.9,Phụ thuộc tiến độ từ đơn vị phối hợp,2026-07-07 12:45:00
KPI-0009,P.ATTT,Q2/2025,7.8,6.9,Phát sinh lỗi kỹ thuật ngoài kế hoạch,2025-09-21 14:26:00
KPI-0010,TT.VHTH,Q3/2023,80,89,Kế hoạch được triển khai đúng tiến độ,2026-07-30 14:08:00
KPI-0011,P.ATTT,Q4/2021,91,86,Thiếu nhân sự trong thời gian cao điểm,2026-07-14 18:35:00
KPI-0012,TT.VHTH,Q1/2021,91%,94%,Hệ thống hoạt động ổn định trong kỳ,2026-03-22 09:33:00
KPI-0013,TT.CNTT,Q2/2025,20,18,Thời gian bảo trì kéo dài hơn kế hoạch,2025-11-30 09:36:00
KPI-0014,P.ATTT,Q4/2025,98%,94%,Tỷ lệ xử lý tồn đọng cao hơn dự kiến,2025-03-19 13:52:00
KPI-0015,P.DL,Q3/2021,12,9,Phụ thuộc tiến độ từ đơn vị phối hợp,2026-01-03 16:17:00
KPI-0016,P.ATTT,Q4/2022,94%,92%,Khối lượng công việc tăng đột biến,2025-02-10 12:31:00
KPI-0017,TT.VHTH,Q4/2024,98%,93%,Tỷ lệ xử lý tồn đọng cao hơn dự kiến,2026-07-25 15:11:00
KPI-0018,P.PM,Q4/2024,25,27,Tự động hóa giúp rút ngắn thời gian xử lý,2025-03-13 12:42:00
KPI-0019,P.ATTT,Q2/2022,35,39,Tăng tần suất rà soát và kiểm soát,2026-03-24 09:20:00
KPI-0020,P.DL,Q2/2024,100,98,Tỷ lệ xử lý tồn đọng cao hơn dự kiến,2026-07-17 11:53:00
KPI-0021,TT.CNTT,Q1/2024,96%,100%,Hệ thống hoạt động ổn định trong kỳ,2026-07-07 13:09:00
KPI-0022,P.DL,Q1/2022,9.4,8.6,Khối lượng công việc tăng đột biến,2026-02-05 12:56:00
KPI-0023,BAN.DA,Q4/2025,36,43,Kế hoạch được triển khai đúng tiến độ,2026-05-11 16:14:00
KPI-0024,TT.VHTH,Q3/2022,9.4,8.5,Tỷ lệ xử lý tồn đọng cao hơn dự kiến,2025-09-23 10:01:00
KPI-0025,P.ATTT,Q3/2024,8.2,8.7,Nhân sự phối hợp tốt giữa các bộ phận,2025-12-25 15:26:00
KPI-0026,TT.VHTH,Q2/2023,85%,84%,Dữ liệu đầu vào cập nhật chưa kịp thời,2025-04-06 11:48:00
KPI-0027,P.HTTT,Q4/2022,40,32,Tỷ lệ xử lý tồn đọng cao hơn dự kiến,2025-12-24 13:29:00
KPI-0028,P.ATTT,Q4/2024,77,76,Phát sinh lỗi kỹ thuật ngoài kế hoạch,2026-03-24 14:45:00
KPI-0029,P.DL,Q4/2025,36,41,Tự động hóa giúp rút ngắn thời gian xử lý,2025-08-13 14:44:00
KPI-0030,TT.VHTH,Q1/2023,99%,94%,Dữ liệu đầu vào cập nhật chưa kịp thời,2025-01-20 11:58:00
KPI-0031,TT.HTKT,Q3/2022,7.9,8.0,Cải tiến quy trình kiểm tra định kỳ,2026-07-31 13:30:00
KPI-0032,P.DL,Q2/2022,98%,93%,Khối lượng công việc tăng đột biến,2025-11-19 08:15:00
KPI-0033,P.HTTT,Q3/2024,96%,89%,Khối lượng công việc tăng đột biến,2025-03-25 17:39:00
KPI-0034,P.HTTT,Q1/2024,87%,90%,Nhân sự phối hợp tốt giữa các bộ phận,2026-06-20 15:18:00
KPI-0035,TT.CNTT,Q3/2025,57,60,Tăng cường giám sát và cảnh báo sớm,2025-11-01 08:32:00
KPI-0036,P.HTTT,Q3/2025,99%,100%,Kế hoạch được triển khai đúng tiến độ,2025-04-25 12:46:00
KPI-0037,P.DL,Q2/2022,94%,93%,Một số hạng mục triển khai chậm tiến độ,2026-03-09 08:23:00
KPI-0038,P.DVKH,Q4/2025,67,52,Tỷ lệ xử lý tồn đọng cao hơn dự kiến,2026-02-17 12:17:00
KPI-0039,P.DVKH,Q2/2023,82%,79%,Phụ thuộc tiến độ từ đơn vị phối hợp,2025-11-17 15:47:00
KPI-0040,BAN.CL,Q2/2025,40,40,Hệ thống hoạt động ổn định trong kỳ,2026-04-21 17:49:00
KPI-0041,BAN.CL,Q3/2022,16,15,Thời gian bảo trì kéo dài hơn kế hoạch,2025-01-08 08:38:00
KPI-0042,BAN.DA,Q2/2023,48,40,Thiếu nhân sự trong thời gian cao điểm,2025-10-19 17:05:00
KPI-0043,P.DL,Q2/2021,20,18,Thiếu nhân sự trong thời gian cao điểm,2026-04-28 09:44:00
KPI-0044,P.DVKH,Q4/2025,90%,88%,Tỷ lệ xử lý tồn đọng cao hơn dự kiến,2026-03-30 13:05:00
KPI-0045,P.DL,Q4/2023,8.9,9.1,Cải tiến quy trình kiểm tra định kỳ,2026-07-19 08:29:00
KPI-0046,TT.HTKT,Q3/2021,97%,93%,Phát sinh lỗi kỹ thuật ngoài kế hoạch,2026-04-28 10:04:00
KPI-0047,P.DL,Q3/2025,8.0,7.3,Khối lượng công việc tăng đột biến,2026-01-18 18:53:00
KPI-0048,BAN.CL,Q1/2022,95%,93%,Phát sinh lỗi kỹ thuật ngoài kế hoạch,2025-07-09 08:53:00
KPI-0049,BAN.DA,Q2/2024,95%,94%,Khối lượng công việc tăng đột biến,2025-05-14 08:55:00
KPI-0050,P.PM,Q1/2022,96%,95%,Thiếu nhân sự trong thời gian cao điểm,2026-05-22 14:15:00
KPI-0051,TT.VHTH,Q3/2023,8.9,9.2,Nhân sự phối hợp tốt giữa các bộ phận,2025-03-08 09:19:00
KPI-0052,BAN.DA,Q1/2022,32,34,Nhân sự phối hợp tốt giữa các bộ phận,2025-10-19 16:02:00
KPI-0053,P.DVKH,Q4/2025,9.3,9.3,Tự động hóa giúp rút ngắn thời gian xử lý,2025-02-28 16:01:00
KPI-0054,P.HTTT,Q1/2023,84%,83%,Dữ liệu đầu vào cập nhật chưa kịp thời,2025-01-26 16:50:00
KPI-0055,P.HTTT,Q1/2021,32,33,Hệ thống hoạt động ổn định trong kỳ,2025-04-28 14:56:00
KPI-0056,P.DL,Q4/2021,9.2,9.6,Cải tiến quy trình kiểm tra định kỳ,2025-10-04 17:20:00
KPI-0057,P.DVKH,Q2/2022,59,48,Thiếu nhân sự trong thời gian cao điểm,2025-05-22 10:25:00
KPI-0058,TT.CNTT,Q1/2025,72,81,Kế hoạch được triển khai đúng tiến độ,2025-05-02 12:01:00
KPI-0059,P.DVKH,Q1/2022,7.6,8.0,Hệ thống hoạt động ổn định trong kỳ,2026-07-02 11:04:00
KPI-0060,TT.CNTT,Q3/2021,8.9,8.3,Tỷ lệ xử lý tồn đọng cao hơn dự kiến,2026-02-28 10:04:00
KPI-0061,P.HTTT,Q3/2023,8.5,8.6,Hệ thống hoạt động ổn định trong kỳ,2025-10-27 16:21:00
KPI-0062,BAN.DA,Q1/2024,102,102,Nhân sự phối hợp tốt giữa các bộ phận,2025-02-26 14:18:00
KPI-0063,TT.VHTH,Q1/2022,36,36,Cải tiến quy trình kiểm tra định kỳ,2025-03-15 17:04:00
KPI-0064,P.DL,Q2/2025,90%,85%,Thời gian bảo trì kéo dài hơn kế hoạch,2026-01-03 12:20:00
KPI-0065,P.HTTT,Q1/2023,95%,90%,Một số hạng mục triển khai chậm tiến độ,2025-04-11 18:20:00
KPI-0066,BAN.DA,Q1/2022,8.0,7.5,Phụ thuộc tiến độ từ đơn vị phối hợp,2025-02-06 15:03:00
KPI-0067,P.ATTT,Q4/2021,89%,91%,Kế hoạch được triển khai đúng tiến độ,2025-08-21 12:58:00
KPI-0068,P.PM,Q4/2021,24,22,Phụ thuộc tiến độ từ đơn vị phối hợp,2025-12-26 17:48:00
KPI-0069,BAN.DA,Q4/2024,83%,81%,Dữ liệu đầu vào cập nhật chưa kịp thời,2026-03-13 15:03:00
KPI-0070,P.ATTT,Q4/2022,113,125,Quy trình vận hành ổn định,2025-04-22 13:16:00
KPI-0071,TT.HTKT,Q1/2023,36,30,Thời gian bảo trì kéo dài hơn kế hoạch,2025-05-16 18:16:00
KPI-0072,P.ATTT,Q3/2021,92%,91%,Thời gian bảo trì kéo dài hơn kế hoạch,2025-09-10 12:17:00
KPI-0073,P.HTTT,Q1/2025,24,32,Tăng tần suất rà soát và kiểm soát,2026-04-29 16:10:00
KPI-0074,TT.VHTH,Q2/2021,90%,87%,Dữ liệu đầu vào cập nhật chưa kịp thời,2025-05-09 11:04:00
KPI-0075,TT.HTKT,Q2/2025,89%,92%,Tăng cường giám sát và cảnh báo sớm,2025-04-15 15:22:00
KPI-0076,P.DL,Q2/2023,89%,86%,Dữ liệu đầu vào cập nhật chưa kịp thời,2025-06-23 16:01:00
KPI-0077,P.DL,Q4/2024,100%,100%,Nhân sự phối hợp tốt giữa các bộ phận,2025-01-13 10:51:00
KPI-0078,BAN.DA,Q4/2024,93%,88%,Khối lượng công việc tăng đột biến,2025-07-08 08:26:00
KPI-0079,P.PM,Q2/2021,85%,90%,Tăng cường giám sát và cảnh báo sớm,2025-07-14 14:29:00
KPI-0080,TT.VHTH,Q4/2022,94%,88%,Phát sinh lỗi kỹ thuật ngoài kế hoạch,2025-07-23 17:36:00
KPI-0081,P.ATTT,Q3/2021,59,54,Dữ liệu đầu vào cập nhật chưa kịp thời,2026-05-08 11:01:00
KPI-0082,P.HTTT,Q3/2021,90%,82%,Khối lượng công việc tăng đột biến,2025-05-14 18:33:00
KPI-0083,BAN.CL,Q2/2023,32,39,Quy trình vận hành ổn định,2026-03-10 14:46:00
KPI-0084,TT.VHTH,Q1/2025,48,44,Dữ liệu đầu vào cập nhật chưa kịp thời,2026-06-12 14:43:00
KPI-0085,TT.CNTT,Q1/2025,8.0,7.8,Phát sinh lỗi kỹ thuật ngoài kế hoạch,2025-12-05 16:33:00
KPI-0086,P.ATTT,Q4/2021,32,34,Cải tiến quy trình kiểm tra định kỳ,2026-04-22 14:16:00
KPI-0087,TT.VHTH,Q4/2023,97,99,Quy trình vận hành ổn định,2025-10-20 12:45:00
KPI-0088,P.PM,Q3/2024,93%,85%,Phát sinh lỗi kỹ thuật ngoài kế hoạch,2026-01-30 08:21:00
KPI-0089,P.HTTT,Q1/2024,24,31,Tăng cường giám sát và cảnh báo sớm,2025-05-17 17:42:00
KPI-0090,P.DL,Q4/2021,88%,86%,Phát sinh lỗi kỹ thuật ngoài kế hoạch,2025-09-27 18:03:00
KPI-0091,BAN.DA,Q3/2023,48,46,Phát sinh lỗi kỹ thuật ngoài kế hoạch,2026-07-31 10:38:00
KPI-0092,P.HTTT,Q2/2023,32,32,Tăng cường giám sát và cảnh báo sớm,2026-05-25 17:28:00
KPI-0093,BAN.DA,Q1/2023,88,96,Hệ thống hoạt động ổn định trong kỳ,2025-02-19 13:20:00
KPI-0094,TT.VHTH,Q3/2022,48,43,Thời gian bảo trì kéo dài hơn kế hoạch,2025-12-31 11:24:00
KPI-0095,BAN.CL,Q2/2025,96%,94%,Thời gian bảo trì kéo dài hơn kế hoạch,2026-01-14 08:14:00
KPI-0096,BAN.CL,Q3/2025,80%,78%,Thiếu nhân sự trong thời gian cao điểm,2025-08-09 18:59:00
KPI-0097,P.DVKH,Q3/2023,84%,77%,Phát sinh lỗi kỹ thuật ngoài kế hoạch,2025-04-28 14:43:00
KPI-0098,P.DVKH,Q3/2022,16,15,Một số hạng mục triển khai chậm tiến độ,2025-06-07 09:28:00
KPI-0099,P.DVKH,Q1/2021,8.1,8.3,Tăng cường giám sát và cảnh báo sớm,2026-06-30 18:28:00
KPI-0100,TT.HTKT,Q1/2022,84,70,Một số hạng mục triển khai chậm tiến độ,2025-08-24 10:07:00
KPI-0101,P.HTTT,Q4/2021,49,48,Một số hạng mục triển khai chậm tiến độ,2025-02-04 08:29:00
KPI-0102,TT.VHTH,Q4/2025,98%,90%,Một số hạng mục triển khai chậm tiến độ,2025-05-23 13:24:00
KPI-0103,TT.HTKT,Q3/2023,91%,87%,Tỷ lệ xử lý tồn đọng cao hơn dự kiến,2025-07-26 11:48:00
KPI-0104,P.PM,Q1/2021,8.2,8.7,Nhân sự phối hợp tốt giữa các bộ phận,2026-04-09 10:38:00
KPI-0105,P.DVKH,Q2/2023,94%,99%,Kế hoạch được triển khai đúng tiến độ,2025-05-15 10:36:00
KPI-0106,TT.HTKT,Q1/2023,9.3,8.6,Dữ liệu đầu vào cập nhật chưa kịp thời,2025-12-09 12:10:00
KPI-0107,P.DVKH,Q4/2024,91%,88%,Phụ thuộc tiến độ từ đơn vị phối hợp,2026-03-26 11:05:00
KPI-0108,TT.HTKT,Q1/2023,9.2,8.9,Tỷ lệ xử lý tồn đọng cao hơn dự kiến,2026-06-18 18:03:00
KPI-0109,P.DVKH,Q2/2021,32,40,Nhân sự phối hợp tốt giữa các bộ phận,2025-10-28 13:38:00
KPI-0110,P.PM,Q3/2022,98%,98%,Tự động hóa giúp rút ngắn thời gian xử lý,2026-04-06 14:12:00
KPI-0111,P.ATTT,Q3/2024,96%,98%,Nhân sự phối hợp tốt giữa các bộ phận,2026-03-14 08:45:00
KPI-0112,BAN.DA,Q3/2021,81%,79%,Phụ thuộc tiến độ từ đơn vị phối hợp,2025-10-19 09:29:00
KPI-0113,P.PM,Q3/2021,12,11,Phát sinh lỗi kỹ thuật ngoài kế hoạch,2025-04-01 10:10:00
KPI-0114,TT.VHTH,Q2/2024,88%,85%,Thời gian bảo trì kéo dài hơn kế hoạch,2026-02-18 17:15:00
KPI-0115,BAN.CL,Q3/2022,8.6,8.2,Một số hạng mục triển khai chậm tiến độ,2025-07-22 18:01:00
KPI-0116,TT.CNTT,Q1/2024,32,25,Phát sinh lỗi kỹ thuật ngoài kế hoạch,2025-01-29 14:31:00
KPI-0117,TT.HTKT,Q3/2025,40,49,Kế hoạch được triển khai đúng tiến độ,2026-07-27 14:38:00
KPI-0118,P.DVKH,Q3/2024,7.9,7.3,Một số hạng mục triển khai chậm tiến độ,2025-10-10 17:26:00
KPI-0119,TT.CNTT,Q3/2024,94%,86%,Phát sinh lỗi kỹ thuật ngoài kế hoạch,2025-02-16 08:27:00
KPI-0120,TT.VHTH,Q3/2023,93%,94%,Tăng tần suất rà soát và kiểm soát,2025-12-07 17:27:00
KPI-0121,TT.CNTT,Q1/2024,79,64,Một số hạng mục triển khai chậm tiến độ,2026-07-17 08:52:00
KPI-0122,P.DVKH,Q3/2025,8.2,7.7,Khối lượng công việc tăng đột biến,2025-10-09 14:09:00
KPI-0123,P.DVKH,Q4/2021,8.9,7.9,Một số hạng mục triển khai chậm tiến độ,2025-08-25 08:20:00
KPI-0124,P.PM,Q2/2024,93%,95%,Tăng tần suất rà soát và kiểm soát,2026-07-16 15:45:00
KPI-0125,BAN.DA,Q3/2024,40,45,Tăng tần suất rà soát và kiểm soát,2025-04-27 12:00:00
KPI-0126,P.DL,Q4/2025,93%,85%,Thời gian bảo trì kéo dài hơn kế hoạch,2025-09-22 09:58:00
KPI-0127,TT.CNTT,Q1/2022,83%,86%,Tăng cường giám sát và cảnh báo sớm,2025-10-27 13:13:00
KPI-0128,TT.HTKT,Q4/2025,16,11,Một số hạng mục triển khai chậm tiến độ,2026-06-24 13:59:00
KPI-0129,TT.HTKT,Q4/2023,90%,85%,Phụ thuộc tiến độ từ đơn vị phối hợp,2026-06-21 17:22:00
KPI-0130,TT.HTKT,Q4/2024,81%,77%,Dữ liệu đầu vào cập nhật chưa kịp thời,2026-08-11 08:58:00
KPI-0131,P.PM,Q4/2022,48,46,Thiếu nhân sự trong thời gian cao điểm,2025-06-05 12:07:00
KPI-0132,TT.CNTT,Q1/2021,70,71,Tăng cường giám sát và cảnh báo sớm,2026-01-27 08:12:00
KPI-0133,P.DVKH,Q4/2023,117,119,Tự động hóa giúp rút ngắn thời gian xử lý,2025-12-26 08:33:00
KPI-0134,P.HTTT,Q4/2023,48,46,Phát sinh lỗi kỹ thuật ngoài kế hoạch,2025-07-27 14:50:00
KPI-0135,P.HTTT,Q3/2021,32,42,Nhân sự phối hợp tốt giữa các bộ phận,2026-02-03 16:48:00
KPI-0136,BAN.DA,Q4/2023,93%,94%,Nhân sự phối hợp tốt giữa các bộ phận,2026-04-28 15:42:00
KPI-0137,P.DL,Q3/2024,100%,100%,Tăng tần suất rà soát và kiểm soát,2025-03-03 10:55:00
KPI-0138,P.DVKH,Q4/2023,9.0,9.2,Nhân sự phối hợp tốt giữa các bộ phận,2025-08-24 13:48:00
KPI-0139,BAN.DA,Q3/2025,95%,87%,Tỷ lệ xử lý tồn đọng cao hơn dự kiến,2025-08-17 16:03:00
KPI-0140,TT.VHTH,Q1/2025,9.0,8.6,Khối lượng công việc tăng đột biến,2025-02-23 13:00:00
KPI-0141,TT.CNTT,Q3/2024,96,98,Quy trình vận hành ổn định,2025-10-09 12:30:00
KPI-0142,BAN.DA,Q2/2025,64,76,Tự động hóa giúp rút ngắn thời gian xử lý,2025-06-22 09:16:00
KPI-0143,P.DL,Q3/2023,80%,78%,Dữ liệu đầu vào cập nhật chưa kịp thời,2025-10-11 17:42:00
KPI-0144,P.DVKH,Q4/2021,36,41,Kế hoạch được triển khai đúng tiến độ,2025-06-06 15:11:00
KPI-0145,TT.CNTT,Q3/2024,91%,93%,Tăng tần suất rà soát và kiểm soát,2026-04-11 16:16:00
KPI-0146,TT.HTKT,Q3/2023,8.6,7.8,Khối lượng công việc tăng đột biến,2026-01-18 18:17:00
KPI-0147,TT.CNTT,Q1/2024,48,56,Kế hoạch được triển khai đúng tiến độ,2026-05-08 15:17:00
KPI-0148,P.ATTT,Q1/2024,32,29,Thời gian bảo trì kéo dài hơn kế hoạch,2025-01-14 15:46:00
KPI-0149,P.HTTT,Q4/2023,7.7,7.6,Dữ liệu đầu vào cập nhật chưa kịp thời,2026-06-21 10:05:00
KPI-0150,P.PM,Q2/2021,8.7,9.1,Hệ thống hoạt động ổn định trong kỳ,2026-06-25 08:59:00
KPI-0151,TT.CNTT,Q1/2021,57,58,Tăng tần suất rà soát và kiểm soát,2025-10-07 12:58:00
KPI-0152,TT.CNTT,Q1/2024,88%,83%,Một số hạng mục triển khai chậm tiến độ,2026-07-26 08:28:00
KPI-0153,BAN.DA,Q1/2024,7.5,6.7,Thiếu nhân sự trong thời gian cao điểm,2025-01-05 10:37:00
KPI-0154,P.DL,Q3/2021,83%,85%,Cải tiến quy trình kiểm tra định kỳ,2026-01-23 13:08:00
KPI-0155,P.HTTT,Q3/2023,97%,100%,Tăng tần suất rà soát và kiểm soát,2025-08-04 12:00:00
KPI-0156,TT.HTKT,Q3/2021,96%,97%,Quy trình vận hành ổn định,2026-01-06 14:43:00
KPI-0157,BAN.DA,Q2/2022,32,38,Cải tiến quy trình kiểm tra định kỳ,2026-06-24 15:39:00
KPI-0158,TT.HTKT,Q1/2025,8.1,7.1,Phụ thuộc tiến độ từ đơn vị phối hợp,2025-09-25 17:47:00
KPI-0159,P.DVKH,Q2/2022,97%,89%,Một số hạng mục triển khai chậm tiến độ,2025-03-08 11:20:00
KPI-0160,TT.HTKT,Q4/2025,7.6,8.2,Hệ thống hoạt động ổn định trong kỳ,2026-06-05 11:12:00
KPI-0161,BAN.CL,Q4/2025,83%,83%,Hệ thống hoạt động ổn định trong kỳ,2026-08-17 17:24:00
KPI-0162,P.DL,Q2/2024,30,40,Kế hoạch được triển khai đúng tiến độ,2025-02-06 09:08:00
KPI-0163,P.DVKH,Q1/2021,7.7,8.4,Nhân sự phối hợp tốt giữa các bộ phận,2026-04-06 12:17:00
KPI-0164,P.ATTT,Q2/2022,93%,91%,Khối lượng công việc tăng đột biến,2025-12-18 13:46:00
KPI-0165,P.HTTT,Q2/2022,101,109,Tăng cường giám sát và cảnh báo sớm,2025-03-28 11:50:00
KPI-0166,TT.VHTH,Q2/2024,98%,98%,Tự động hóa giúp rút ngắn thời gian xử lý,2025-08-03 15:05:00
KPI-0167,P.ATTT,Q4/2021,9.1,9.2,Tăng cường giám sát và cảnh báo sớm,2025-10-20 08:27:00
KPI-0168,P.DVKH,Q4/2022,86,78,Một số hạng mục triển khai chậm tiến độ,2025-06-09 13:23:00
KPI-0169,TT.VHTH,Q3/2024,96%,91%,Tỷ lệ xử lý tồn đọng cao hơn dự kiến,2025-11-02 15:39:00
KPI-0170,P.DL,Q2/2023,20,29,Hệ thống hoạt động ổn định trong kỳ,2026-04-27 10:56:00
KPI-0171,P.DL,Q1/2022,8.2,8.9,Tăng tần suất rà soát và kiểm soát,2026-04-11 15:16:00
KPI-0172,BAN.DA,Q2/2025,106,102,Thiếu nhân sự trong thời gian cao điểm,2025-03-20 15:39:00
KPI-0173,BAN.DA,Q1/2021,12,22,Tăng tần suất rà soát và kiểm soát,2026-02-14 11:30:00
KPI-0174,BAN.CL,Q3/2023,89%,86%,Khối lượng công việc tăng đột biến,2026-03-30 18:40:00
KPI-0175,P.DVKH,Q2/2021,9.5,9.7,Quy trình vận hành ổn định,2026-01-01 17:30:00
KPI-0176,P.HTTT,Q1/2024,36,28,Thiếu nhân sự trong thời gian cao điểm,2026-05-23 16:41:00
KPI-0177,BAN.CL,Q4/2024,95%,91%,Phụ thuộc tiến độ từ đơn vị phối hợp,2025-05-08 13:26:00
KPI-0178,P.PM,Q1/2024,24,33,Tăng tần suất rà soát và kiểm soát,2025-07-24 14:14:00
KPI-0179,P.DL,Q2/2022,61,73,Cải tiến quy trình kiểm tra định kỳ,2025-07-27 13:39:00
KPI-0180,BAN.DA,Q2/2023,85%,88%,Tự động hóa giúp rút ngắn thời gian xử lý,2025-02-05 17:18:00
KPI-0181,P.HTTT,Q1/2022,20,20,Tự động hóa giúp rút ngắn thời gian xử lý,2025-02-11 12:16:00
KPI-0182,BAN.CL,Q3/2021,119,121,Quy trình vận hành ổn định,2026-02-23 10:33:00
KPI-0183,P.DVKH,Q1/2023,7.6,7.4,Một số hạng mục triển khai chậm tiến độ,2026-08-08 09:25:00
KPI-0184,P.HTTT,Q4/2025,83%,79%,Thời gian bảo trì kéo dài hơn kế hoạch,2025-07-05 14:15:00
KPI-0185,TT.HTKT,Q1/2022,88,80,Phụ thuộc tiến độ từ đơn vị phối hợp,2025-07-29 12:49:00
KPI-0186,P.PM,Q2/2024,48,43,Dữ liệu đầu vào cập nhật chưa kịp thời,2026-01-26 09:45:00
KPI-0187,P.DVKH,Q2/2025,80%,78%,Phụ thuộc tiến độ từ đơn vị phối hợp,2026-07-09 14:00:00
KPI-0188,P.PM,Q2/2023,93%,87%,Tỷ lệ xử lý tồn đọng cao hơn dự kiến,2025-03-01 15:22:00
KPI-0189,P.DVKH,Q4/2023,8.2,7.9,Dữ liệu đầu vào cập nhật chưa kịp thời,2026-05-15 17:20:00
KPI-0190,TT.CNTT,Q1/2023,8.4,7.5,Tỷ lệ xử lý tồn đọng cao hơn dự kiến,2025-12-21 17:40:00
KPI-0191,P.PM,Q2/2025,74,74,Quy trình vận hành ổn định,2026-08-10 08:24:00
KPI-0192,BAN.DA,Q1/2022,8.1,8.2,Kế hoạch được triển khai đúng tiến độ,2026-04-08 16:02:00
KPI-0193,P.HTTT,Q4/2021,95%,98%,Quy trình vận hành ổn định,2025-09-08 12:00:00
KPI-0194,TT.HTKT,Q1/2021,99%,94%,Thiếu nhân sự trong thời gian cao điểm,2026-01-10 17:26:00
KPI-0195,TT.CNTT,Q1/2021,40,35,Dữ liệu đầu vào cập nhật chưa kịp thời,2025-05-01 17:27:00
KPI-0196,P.HTTT,Q1/2024,8.5,8.8,Nhân sự phối hợp tốt giữa các bộ phận,2025-05-20 11:41:00
KPI-0197,BAN.DA,Q3/2023,92%,88%,Khối lượng công việc tăng đột biến,2026-03-25 18:23:00
KPI-0198,TT.HTKT,Q1/2022,32,28,Thiếu nhân sự trong thời gian cao điểm,2025-01-08 08:13:00
KPI-0199,TT.CNTT,Q3/2022,87%,90%,Cải tiến quy trình kiểm tra định kỳ,2025-07-04 14:00:00
KPI-0200,BAN.CL,Q3/2022,92%,94%,Nhân sự phối hợp tốt giữa các bộ phận,2025-01-22 16:39:00
KPI-0201,BAN.CL,Q3/2022,93%,98%,Tăng cường giám sát và cảnh báo sớm,2025-12-11 10:47:00
KPI-0202,P.DL,Q1/2021,7.8,7.5,Khối lượng công việc tăng đột biến,2026-03-16 10:33:00
KPI-0203,P.PM,Q3/2025,48,44,Thiếu nhân sự trong thời gian cao điểm,2025-06-20 08:56:00
KPI-0204,P.DVKH,Q1/2022,9.0,8.2,Thiếu nhân sự trong thời gian cao điểm,2025-10-23 09:12:00
KPI-0205,P.PM,Q2/2022,7.6,7.2,Thời gian bảo trì kéo dài hơn kế hoạch,2025-09-27 18:05:00
KPI-0206,P.PM,Q4/2025,96%,89%,Thời gian bảo trì kéo dài hơn kế hoạch,2025-10-21 17:36:00
KPI-0207,TT.VHTH,Q4/2025,29,39,Kế hoạch được triển khai đúng tiến độ,2025-10-17 11:19:00
KPI-0208,BAN.DA,Q2/2024,8.9,8.6,Phụ thuộc tiến độ từ đơn vị phối hợp,2025-12-02 13:19:00
KPI-0209,TT.CNTT,Q1/2021,8.3,8.5,Tự động hóa giúp rút ngắn thời gian xử lý,2026-03-14 18:47:00
KPI-0210,BAN.DA,Q1/2023,9.1,8.3,Phụ thuộc tiến độ từ đơn vị phối hợp,2026-05-29 16:50:00
KPI-0211,TT.VHTH,Q3/2024,8.5,8.6,Cải tiến quy trình kiểm tra định kỳ,2025-05-10 12:44:00
KPI-0212,TT.VHTH,Q2/2024,89,100,Tăng tần suất rà soát và kiểm soát,2026-05-02 17:28:00
KPI-0213,TT.CNTT,Q3/2022,99%,97%,Tỷ lệ xử lý tồn đọng cao hơn dự kiến,2026-03-15 09:06:00
KPI-0214,P.HTTT,Q4/2021,8.1,8.4,Tăng tần suất rà soát và kiểm soát,2026-02-18 13:54:00
KPI-0215,P.DL,Q3/2023,40,32,Một số hạng mục triển khai chậm tiến độ,2025-11-13 15:46:00
KPI-0216,P.PM,Q2/2024,9.1,9.5,Kế hoạch được triển khai đúng tiến độ,2026-05-15 17:05:00
KPI-0217,P.HTTT,Q4/2021,24,28,Cải tiến quy trình kiểm tra định kỳ,2026-06-08 09:16:00
KPI-0218,P.PM,Q4/2022,93,91,Khối lượng công việc tăng đột biến,2025-04-17 13:31:00
KPI-0219,P.ATTT,Q3/2023,98%,100%,Hệ thống hoạt động ổn định trong kỳ,2026-02-12 18:50:00
KPI-0220,P.PM,Q3/2023,95%,89%,Thiếu nhân sự trong thời gian cao điểm,2026-06-29 12:21:00
KPI-0221,P.ATTT,Q1/2025,98%,99%,Tăng tần suất rà soát và kiểm soát,2026-05-19 15:30:00
KPI-0222,P.HTTT,Q1/2025,95%,96%,Nhân sự phối hợp tốt giữa các bộ phận,2026-05-26 13:34:00
KPI-0223,TT.CNTT,Q3/2021,8.6,9.3,Tăng cường giám sát và cảnh báo sớm,2026-07-03 08:12:00
KPI-0224,P.DL,Q2/2023,71,59,Phát sinh lỗi kỹ thuật ngoài kế hoạch,2025-08-04 10:03:00
KPI-0225,P.PM,Q2/2025,90%,88%,Khối lượng công việc tăng đột biến,2025-06-21 10:11:00
KPI-0226,P.DVKH,Q3/2021,9.1,9.8,Tăng tần suất rà soát và kiểm soát,2025-03-13 15:14:00
KPI-0227,P.DL,Q4/2025,85,91,Nhân sự phối hợp tốt giữa các bộ phận,2026-03-19 16:45:00
KPI-0228,BAN.CL,Q3/2024,83%,85%,Quy trình vận hành ổn định,2026-02-10 08:07:00
KPI-0229,TT.CNTT,Q3/2022,86%,85%,Dữ liệu đầu vào cập nhật chưa kịp thời,2026-06-14 18:21:00
KPI-0230,P.ATTT,Q3/2024,66,54,Phụ thuộc tiến độ từ đơn vị phối hợp,2026-04-19 14:28:00
KPI-0231,BAN.CL,Q4/2021,110,122,Kế hoạch được triển khai đúng tiến độ,2026-07-07 08:28:00
KPI-0232,P.DVKH,Q4/2025,23,33,Tăng tần suất rà soát và kiểm soát,2026-01-07 10:32:00
KPI-0233,TT.CNTT,Q1/2021,86%,85%,Một số hạng mục triển khai chậm tiến độ,2025-06-13 08:05:00
KPI-0234,P.PM,Q2/2024,96,105,Tăng tần suất rà soát và kiểm soát,2026-01-30 10:34:00
KPI-0235,TT.HTKT,Q4/2024,90%,87%,Dữ liệu đầu vào cập nhật chưa kịp thời,2026-08-11 18:27:00
KPI-0236,P.PM,Q2/2025,93%,97%,Kế hoạch được triển khai đúng tiến độ,2026-01-26 10:40:00
KPI-0237,P.DVKH,Q3/2023,45,48,Quy trình vận hành ổn định,2025-08-14 17:17:00
KPI-0238,BAN.DA,Q2/2023,98%,96%,Khối lượng công việc tăng đột biến,2025-12-08 17:04:00
KPI-0239,TT.VHTH,Q3/2022,98%,100%,Cải tiến quy trình kiểm tra định kỳ,2025-07-12 10:48:00
KPI-0240,TT.VHTH,Q4/2022,12,4,Khối lượng công việc tăng đột biến,2025-09-26 16:43:00
KPI-0241,TT.CNTT,Q3/2024,102,113,Quy trình vận hành ổn định,2025-07-26 11:20:00
KPI-0242,BAN.DA,Q1/2022,92%,92%,Tự động hóa giúp rút ngắn thời gian xử lý,2025-05-26 16:56:00
KPI-0243,BAN.CL,Q1/2025,95%,99%,Hệ thống hoạt động ổn định trong kỳ,2025-12-12 16:58:00
KPI-0244,TT.HTKT,Q4/2021,12,19,Tăng cường giám sát và cảnh báo sớm,2026-05-22 17:02:00
KPI-0245,P.PM,Q2/2024,87%,87%,Kế hoạch được triển khai đúng tiến độ,2026-03-04 11:12:00
KPI-0246,P.ATTT,Q3/2024,91%,84%,Phụ thuộc tiến độ từ đơn vị phối hợp,2025-04-04 09:44:00
KPI-0247,BAN.CL,Q3/2024,84%,80%,Khối lượng công việc tăng đột biến,2025-02-07 16:40:00
KPI-0248,TT.HTKT,Q2/2022,8.0,8.3,Hệ thống hoạt động ổn định trong kỳ,2025-01-28 18:52:00
KPI-0249,TT.HTKT,Q2/2023,96%,91%,Thời gian bảo trì kéo dài hơn kế hoạch,2025-04-08 08:17:00
KPI-0250,P.PM,Q1/2024,16,15,Khối lượng công việc tăng đột biến,2025-06-24 11:13:00
KPI-0251,TT.VHTH,Q2/2025,96%,94%,Tỷ lệ xử lý tồn đọng cao hơn dự kiến,2026-03-19 12:29:00
KPI-0252,P.PM,Q3/2025,40,44,Tăng tần suất rà soát và kiểm soát,2025-05-27 08:54:00
KPI-0253,TT.VHTH,Q2/2022,36,40,Tăng tần suất rà soát và kiểm soát,2025-11-24 10:14:00
KPI-0254,TT.HTKT,Q2/2024,93%,97%,Kế hoạch được triển khai đúng tiến độ,2025-09-05 08:27:00
KPI-0255,P.PM,Q1/2025,90%,87%,Một số hạng mục triển khai chậm tiến độ,2025-11-02 08:46:00
KPI-0256,P.ATTT,Q1/2025,83,89,Cải tiến quy trình kiểm tra định kỳ,2025-06-26 08:46:00
KPI-0257,P.DL,Q4/2024,91%,86%,Khối lượng công việc tăng đột biến,2025-01-29 18:41:00
KPI-0258,P.DVKH,Q3/2024,7.9,7.5,Phát sinh lỗi kỹ thuật ngoài kế hoạch,2025-05-09 12:54:00
KPI-0259,BAN.DA,Q4/2023,102,109,Quy trình vận hành ổn định,2025-12-24 14:33:00
KPI-0260,TT.CNTT,Q1/2023,75,68,Tỷ lệ xử lý tồn đọng cao hơn dự kiến,2025-11-21 17:12:00
KPI-0261,BAN.DA,Q1/2021,7.9,6.9,Tỷ lệ xử lý tồn đọng cao hơn dự kiến,2025-03-19 10:15:00
KPI-0262,TT.CNTT,Q3/2024,88%,80%,Thiếu nhân sự trong thời gian cao điểm,2025-09-25 15:06:00
KPI-0263,P.DL,Q3/2024,59,51,Khối lượng công việc tăng đột biến,2025-12-28 09:42:00
KPI-0264,P.DVKH,Q2/2024,87,97,Tự động hóa giúp rút ngắn thời gian xử lý,2025-11-30 10:18:00
KPI-0265,TT.VHTH,Q3/2023,94%,86%,Thời gian bảo trì kéo dài hơn kế hoạch,2025-09-11 18:22:00
KPI-0266,BAN.CL,Q1/2023,48,40,Thời gian bảo trì kéo dài hơn kế hoạch,2026-07-25 15:07:00
KPI-0267,BAN.CL,Q4/2023,24,34,Tự động hóa giúp rút ngắn thời gian xử lý,2026-07-18 11:28:00
KPI-0268,TT.HTKT,Q2/2022,23,23,Tăng cường giám sát và cảnh báo sớm,2025-04-01 09:46:00
KPI-0269,P.HTTT,Q1/2024,8.7,9.2,Cải tiến quy trình kiểm tra định kỳ,2025-12-08 18:20:00
KPI-0270,TT.CNTT,Q1/2021,31,39,Hệ thống hoạt động ổn định trong kỳ,2025-04-19 14:24:00
KPI-0271,BAN.CL,Q2/2022,89%,87%,Thời gian bảo trì kéo dài hơn kế hoạch,2025-05-04 08:36:00
KPI-0272,P.DL,Q4/2024,9.1,8.4,Thiếu nhân sự trong thời gian cao điểm,2025-11-15 09:30:00
KPI-0273,P.DVKH,Q4/2023,55,40,Tỷ lệ xử lý tồn đọng cao hơn dự kiến,2026-05-14 15:26:00
KPI-0274,P.HTTT,Q3/2023,32,33,Hệ thống hoạt động ổn định trong kỳ,2025-03-12 13:15:00
KPI-0275,P.DVKH,Q3/2021,90%,91%,Tăng tần suất rà soát và kiểm soát,2026-02-16 12:16:00
KPI-0276,TT.CNTT,Q1/2024,37,44,Tự động hóa giúp rút ngắn thời gian xử lý,2025-01-05 11:38:00
KPI-0277,P.HTTT,Q2/2021,7.6,7.5,Một số hạng mục triển khai chậm tiến độ,2026-03-03 17:18:00
KPI-0278,P.ATTT,Q2/2023,43,44,Kế hoạch được triển khai đúng tiến độ,2025-09-23 09:36:00
KPI-0279,BAN.CL,Q1/2025,90%,85%,Tỷ lệ xử lý tồn đọng cao hơn dự kiến,2025-07-09 08:58:00
KPI-0280,BAN.DA,Q1/2024,82,77,Phát sinh lỗi kỹ thuật ngoài kế hoạch,2026-05-31 16:52:00
KPI-0281,BAN.DA,Q4/2021,40,30,Phụ thuộc tiến độ từ đơn vị phối hợp,2026-06-24 11:13:00
KPI-0282,BAN.CL,Q4/2025,8.6,9.0,Cải tiến quy trình kiểm tra định kỳ,2025-05-19 10:58:00
KPI-0283,BAN.CL,Q1/2024,36,30,Phát sinh lỗi kỹ thuật ngoài kế hoạch,2025-12-09 09:42:00
KPI-0284,TT.VHTH,Q3/2022,95%,98%,Hệ thống hoạt động ổn định trong kỳ,2025-07-31 08:11:00
KPI-0285,BAN.CL,Q3/2025,8.1,7.7,Khối lượng công việc tăng đột biến,2025-10-01 15:24:00
KPI-0286,P.PM,Q3/2023,64,61,Dữ liệu đầu vào cập nhật chưa kịp thời,2026-06-29 15:22:00
KPI-0287,BAN.DA,Q1/2025,80%,80%,Tự động hóa giúp rút ngắn thời gian xử lý,2025-01-12 09:06:00
KPI-0288,P.DL,Q4/2021,120,111,Phát sinh lỗi kỹ thuật ngoài kế hoạch,2026-05-27 08:26:00
KPI-0289,BAN.DA,Q1/2025,98%,100%,Cải tiến quy trình kiểm tra định kỳ,2026-03-12 14:06:00
KPI-0290,P.DL,Q2/2022,20,17,Dữ liệu đầu vào cập nhật chưa kịp thời,2026-06-10 08:38:00
KPI-0291,P.ATTT,Q1/2025,91%,90%,Thời gian bảo trì kéo dài hơn kế hoạch,2026-03-06 11:05:00
KPI-0292,TT.HTKT,Q4/2021,92%,90%,Một số hạng mục triển khai chậm tiến độ,2026-08-09 16:50:00
KPI-0293,P.DVKH,Q3/2024,9.4,9.7,Nhân sự phối hợp tốt giữa các bộ phận,2025-04-18 14:39:00
KPI-0294,P.HTTT,Q1/2021,94%,99%,Hệ thống hoạt động ổn định trong kỳ,2026-02-28 11:13:00
KPI-0295,P.HTTT,Q1/2021,48,58,Tăng cường giám sát và cảnh báo sớm,2025-10-03 13:36:00
KPI-0296,BAN.CL,Q3/2021,88%,81%,Phụ thuộc tiến độ từ đơn vị phối hợp,2025-06-30 16:23:00
KPI-0297,P.HTTT,Q2/2022,90%,91%,Kế hoạch được triển khai đúng tiến độ,2026-02-16 08:36:00
KPI-0298,TT.CNTT,Q4/2023,16,22,Hệ thống hoạt động ổn định trong kỳ,2025-05-05 08:48:00
KPI-0299,BAN.DA,Q3/2022,48,54,Tăng tần suất rà soát và kiểm soát,2026-03-30 17:52:00
KPI-0300,P.ATTT,Q4/2023,104,95,Thiếu nhân sự trong thời gian cao điểm,2026-08-12 18:42:00
KPI-0301,P.DL,Q1/2023,99%,91%,Phát sinh lỗi kỹ thuật ngoài kế hoạch,2026-05-28 10:58:00
KPI-0302,P.DVKH,Q4/2021,84%,78%,Phụ thuộc tiến độ từ đơn vị phối hợp,2026-04-13 17:01:00
KPI-0303,TT.HTKT,Q1/2025,96%,98%,Kế hoạch được triển khai đúng tiến độ,2025-02-18 09:32:00
KPI-0304,P.DVKH,Q2/2024,16,18,Tăng tần suất rà soát và kiểm soát,2026-01-09 10:39:00
KPI-0305,P.ATTT,Q4/2024,95%,91%,Phụ thuộc tiến độ từ đơn vị phối hợp,2025-10-09 18:18:00
KPI-0306,TT.CNTT,Q3/2025,100%,100%,Cải tiến quy trình kiểm tra định kỳ,2025-04-11 16:41:00
KPI-0307,P.PM,Q2/2024,98%,100%,Hệ thống hoạt động ổn định trong kỳ,2026-04-24 17:11:00
KPI-0308,P.DL,Q3/2024,9.2,9.6,Quy trình vận hành ổn định,2025-07-11 18:27:00
KPI-0309,P.ATTT,Q2/2023,40,25,Thời gian bảo trì kéo dài hơn kế hoạch,2026-02-05 15:46:00
KPI-0310,P.HTTT,Q1/2024,35,42,Tăng cường giám sát và cảnh báo sớm,2025-07-07 14:53:00
KPI-0311,P.HTTT,Q2/2021,86%,87%,Tăng cường giám sát và cảnh báo sớm,2025-11-21 15:47:00
KPI-0312,BAN.DA,Q3/2023,94%,97%,Nhân sự phối hợp tốt giữa các bộ phận,2025-10-01 18:25:00
KPI-0313,TT.HTKT,Q4/2024,91%,86%,Khối lượng công việc tăng đột biến,2025-12-05 10:45:00
KPI-0314,BAN.CL,Q3/2022,86%,83%,Tỷ lệ xử lý tồn đọng cao hơn dự kiến,2025-08-18 17:46:00
KPI-0315,BAN.DA,Q2/2025,32,40,Kế hoạch được triển khai đúng tiến độ,2025-08-08 08:08:00
KPI-0316,TT.HTKT,Q1/2023,8.4,7.7,Phụ thuộc tiến độ từ đơn vị phối hợp,2025-07-08 16:06:00
KPI-0317,BAN.CL,Q3/2023,8.1,8.1,Tự động hóa giúp rút ngắn thời gian xử lý,2025-09-14 10:20:00
KPI-0318,P.DL,Q2/2023,93%,86%,Tỷ lệ xử lý tồn đọng cao hơn dự kiến,2026-03-19 09:02:00
KPI-0319,TT.CNTT,Q4/2021,8.9,9.2,Cải tiến quy trình kiểm tra định kỳ,2025-02-12 09:34:00
KPI-0320,TT.CNTT,Q1/2021,99%,100%,Cải tiến quy trình kiểm tra định kỳ,2025-06-06 10:44:00
KPI-0321,P.PM,Q1/2024,16,20,Hệ thống hoạt động ổn định trong kỳ,2025-07-26 12:16:00
KPI-0322,BAN.CL,Q2/2024,90%,82%,Một số hạng mục triển khai chậm tiến độ,2025-06-27 09:12:00
KPI-0323,TT.VHTH,Q3/2023,106,93,Phụ thuộc tiến độ từ đơn vị phối hợp,2025-05-19 08:48:00
KPI-0324,P.HTTT,Q1/2022,82%,81%,Thời gian bảo trì kéo dài hơn kế hoạch,2025-01-20 08:34:00
KPI-0325,P.DL,Q4/2022,91%,92%,Quy trình vận hành ổn định,2025-11-23 12:24:00
KPI-0326,P.DVKH,Q2/2022,8.2,7.6,Tỷ lệ xử lý tồn đọng cao hơn dự kiến,2025-11-21 09:37:00
KPI-0327,TT.VHTH,Q1/2024,86,77,Một số hạng mục triển khai chậm tiến độ,2025-05-23 14:43:00
KPI-0328,P.DL,Q2/2024,97%,96%,Thiếu nhân sự trong thời gian cao điểm,2026-05-23 18:29:00
KPI-0329,P.DL,Q4/2021,8.0,8.3,Cải tiến quy trình kiểm tra định kỳ,2026-05-28 09:25:00
KPI-0330,P.DL,Q1/2021,40,32,Khối lượng công việc tăng đột biến,2026-02-24 16:53:00
KPI-0331,P.DL,Q4/2021,97%,89%,Khối lượng công việc tăng đột biến,2026-07-03 16:06:00
KPI-0332,TT.VHTH,Q4/2022,97,85,Thời gian bảo trì kéo dài hơn kế hoạch,2025-10-15 11:46:00
KPI-0333,P.HTTT,Q3/2023,98%,98%,Tăng cường giám sát và cảnh báo sớm,2025-11-28 09:52:00
KPI-0334,BAN.DA,Q4/2024,91%,86%,Thời gian bảo trì kéo dài hơn kế hoạch,2025-01-07 17:27:00
KPI-0335,BAN.CL,Q3/2021,20,17,Dữ liệu đầu vào cập nhật chưa kịp thời,2025-09-20 16:37:00
KPI-0336,BAN.CL,Q4/2022,59,64,Nhân sự phối hợp tốt giữa các bộ phận,2025-01-07 14:55:00
KPI-0337,BAN.CL,Q2/2023,91%,92%,Cải tiến quy trình kiểm tra định kỳ,2026-08-09 16:04:00
KPI-0338,P.HTTT,Q3/2023,9.3,9.5,Kế hoạch được triển khai đúng tiến độ,2025-06-04 14:03:00
KPI-0339,P.DVKH,Q4/2022,95%,95%,Tăng cường giám sát và cảnh báo sớm,2026-05-08 16:18:00
KPI-0340,P.PM,Q2/2025,24,30,Tự động hóa giúp rút ngắn thời gian xử lý,2025-03-24 14:56:00
KPI-0341,P.DL,Q4/2025,8.3,8.8,Cải tiến quy trình kiểm tra định kỳ,2025-12-10 09:19:00
KPI-0342,BAN.DA,Q3/2021,95%,89%,Phụ thuộc tiến độ từ đơn vị phối hợp,2025-06-21 16:27:00
KPI-0343,TT.CNTT,Q4/2021,8.5,7.6,Dữ liệu đầu vào cập nhật chưa kịp thời,2025-08-06 10:35:00
KPI-0344,P.DVKH,Q2/2021,7.6,6.9,Tỷ lệ xử lý tồn đọng cao hơn dự kiến,2025-03-22 11:22:00
KPI-0345,P.PM,Q4/2021,91%,91%,Quy trình vận hành ổn định,2025-10-11 09:03:00
KPI-0346,TT.VHTH,Q4/2025,32,38,Cải tiến quy trình kiểm tra định kỳ,2025-02-20 13:23:00
KPI-0347,P.DL,Q3/2023,77,68,Dữ liệu đầu vào cập nhật chưa kịp thời,2025-11-01 09:25:00
KPI-0348,P.HTTT,Q2/2021,36,29,Dữ liệu đầu vào cập nhật chưa kịp thời,2025-02-01 14:56:00
KPI-0349,TT.CNTT,Q4/2021,12,14,Tự động hóa giúp rút ngắn thời gian xử lý,2025-11-06 17:35:00
KPI-0350,TT.CNTT,Q1/2025,32,32,Quy trình vận hành ổn định,2025-04-28 14:02:00
KPI-0351,P.DL,Q2/2023,20,14,Thiếu nhân sự trong thời gian cao điểm,2026-07-19 17:59:00
KPI-0352,TT.HTKT,Q1/2023,24,34,Cải tiến quy trình kiểm tra định kỳ,2025-07-05 14:06:00
KPI-0353,BAN.CL,Q2/2024,88%,86%,Phụ thuộc tiến độ từ đơn vị phối hợp,2026-01-16 18:56:00
KPI-0354,P.DVKH,Q4/2021,38,45,Tự động hóa giúp rút ngắn thời gian xử lý,2025-05-23 15:59:00
KPI-0355,P.PM,Q3/2024,97%,97%,Nhân sự phối hợp tốt giữa các bộ phận,2026-03-27 08:58:00
KPI-0356,TT.HTKT,Q2/2024,95%,88%,Phụ thuộc tiến độ từ đơn vị phối hợp,2025-04-10 13:32:00
KPI-0357,P.DL,Q4/2022,95%,100%,Cải tiến quy trình kiểm tra định kỳ,2026-08-01 11:16:00
KPI-0358,P.DL,Q3/2023,82%,87%,Tăng cường giám sát và cảnh báo sớm,2025-10-09 18:38:00
KPI-0359,TT.CNTT,Q4/2023,96%,89%,Thời gian bảo trì kéo dài hơn kế hoạch,2025-11-12 17:18:00
KPI-0360,P.DVKH,Q1/2021,9.3,9.7,Hệ thống hoạt động ổn định trong kỳ,2025-10-03 13:19:00
KPI-0361,BAN.CL,Q4/2021,98,107,Quy trình vận hành ổn định,2025-05-29 10:14:00
KPI-0362,TT.VHTH,Q2/2023,7.8,8.6,Tự động hóa giúp rút ngắn thời gian xử lý,2025-05-20 17:25:00
KPI-0363,P.ATTT,Q4/2024,90,96,Quy trình vận hành ổn định,2025-03-09 10:01:00
KPI-0364,P.DL,Q2/2025,95%,95%,Hệ thống hoạt động ổn định trong kỳ,2026-02-18 17:30:00
KPI-0365,P.ATTT,Q2/2022,120,110,Thời gian bảo trì kéo dài hơn kế hoạch,2026-05-07 12:32:00
KPI-0366,P.DVKH,Q3/2021,100%,98%,Thiếu nhân sự trong thời gian cao điểm,2026-04-05 13:32:00
KPI-0367,BAN.DA,Q3/2025,96%,100%,Nhân sự phối hợp tốt giữa các bộ phận,2025-12-24 15:24:00
KPI-0368,P.ATTT,Q2/2022,32,28,Thời gian bảo trì kéo dài hơn kế hoạch,2025-02-27 11:26:00
KPI-0369,BAN.DA,Q4/2021,8.5,8.2,Một số hạng mục triển khai chậm tiến độ,2026-01-13 09:44:00
KPI-0370,TT.HTKT,Q4/2021,40,49,Kế hoạch được triển khai đúng tiến độ,2025-12-03 09:22:00
KPI-0371,BAN.CL,Q4/2025,36,37,Kế hoạch được triển khai đúng tiến độ,2026-01-11 08:55:00
KPI-0372,TT.HTKT,Q3/2023,90%,89%,Phát sinh lỗi kỹ thuật ngoài kế hoạch,2026-03-13 11:23:00
KPI-0373,P.HTTT,Q3/2022,32,26,Tỷ lệ xử lý tồn đọng cao hơn dự kiến,2025-02-10 13:50:00
KPI-0374,P.DL,Q1/2024,84,93,Quy trình vận hành ổn định,2025-09-12 14:25:00
KPI-0375,BAN.CL,Q2/2021,9.2,8.3,Một số hạng mục triển khai chậm tiến độ,2025-12-17 12:20:00
KPI-0376,P.PM,Q4/2021,95,93,Khối lượng công việc tăng đột biến,2025-11-16 15:28:00
KPI-0377,BAN.DA,Q4/2023,82%,85%,Quy trình vận hành ổn định,2025-01-09 16:34:00
KPI-0378,BAN.CL,Q2/2023,97%,91%,Phát sinh lỗi kỹ thuật ngoài kế hoạch,2026-01-18 14:34:00
KPI-0379,TT.VHTH,Q2/2022,24,33,Tự động hóa giúp rút ngắn thời gian xử lý,2025-03-05 10:52:00
KPI-0380,TT.CNTT,Q2/2022,48,41,Dữ liệu đầu vào cập nhật chưa kịp thời,2026-07-07 10:01:00
KPI-0381,P.DVKH,Q2/2022,90%,93%,Tăng cường giám sát và cảnh báo sớm,2025-07-10 09:41:00
KPI-0382,BAN.DA,Q2/2024,116,106,Thiếu nhân sự trong thời gian cao điểm,2026-04-23 10:48:00
KPI-0383,P.PM,Q2/2023,114,116,Quy trình vận hành ổn định,2026-05-16 13:45:00
KPI-0384,P.DVKH,Q2/2021,9.5,9.8,Quy trình vận hành ổn định,2025-07-30 11:16:00
KPI-0385,BAN.CL,Q3/2023,71,81,Tăng cường giám sát và cảnh báo sớm,2025-12-27 10:21:00
KPI-0386,TT.CNTT,Q1/2025,8.9,8.0,Thiếu nhân sự trong thời gian cao điểm,2025-01-16 12:52:00
KPI-0387,P.HTTT,Q1/2025,94%,94%,Tự động hóa giúp rút ngắn thời gian xử lý,2026-04-16 12:28:00
KPI-0388,TT.CNTT,Q4/2021,8.2,7.9,Phụ thuộc tiến độ từ đơn vị phối hợp,2026-07-23 08:03:00
KPI-0389,P.HTTT,Q1/2021,94%,95%,Quy trình vận hành ổn định,2025-02-27 13:43:00
KPI-0390,P.HTTT,Q1/2021,104,92,Dữ liệu đầu vào cập nhật chưa kịp thời,2025-01-14 09:03:00
KPI-0391,TT.CNTT,Q3/2025,86%,83%,Phụ thuộc tiến độ từ đơn vị phối hợp,2025-10-10 09:39:00
KPI-0392,TT.VHTH,Q4/2024,40,35,Một số hạng mục triển khai chậm tiến độ,2025-08-05 09:48:00
KPI-0393,P.PM,Q3/2025,81%,75%,Tỷ lệ xử lý tồn đọng cao hơn dự kiến,2025-08-10 16:39:00
KPI-0394,P.ATTT,Q4/2021,7.6,7.7,Quy trình vận hành ổn định,2025-09-16 15:15:00
KPI-0395,P.PM,Q1/2021,12,10,Khối lượng công việc tăng đột biến,2026-05-30 09:49:00
KPI-0396,TT.VHTH,Q1/2024,20,12,Phát sinh lỗi kỹ thuật ngoài kế hoạch,2025-09-09 17:39:00
KPI-0397,BAN.CL,Q1/2023,12,11,Thiếu nhân sự trong thời gian cao điểm,2025-11-21 16:43:00
KPI-0398,P.PM,Q3/2021,117,126,Tự động hóa giúp rút ngắn thời gian xử lý,2025-05-07 13:19:00
KPI-0399,P.DL,Q2/2022,92%,97%,Kế hoạch được triển khai đúng tiến độ,2025-09-24 10:31:00
KPI-0400,P.HTTT,Q4/2022,98%,100%,Cải tiến quy trình kiểm tra định kỳ,2026-04-07 09:54:00
KPI-0401,BAN.DA,Q3/2023,86%,81%,Phát sinh lỗi kỹ thuật ngoài kế hoạch,2025-10-22 17:53:00
KPI-0402,P.DVKH,Q4/2021,90,86,Thiếu nhân sự trong thời gian cao điểm,2025-04-09 17:02:00
KPI-0403,BAN.DA,Q1/2025,80%,81%,Tăng cường giám sát và cảnh báo sớm,2025-02-16 13:19:00
KPI-0404,P.ATTT,Q3/2023,32,31,Khối lượng công việc tăng đột biến,2025-11-23 08:17:00
KPI-0405,BAN.DA,Q2/2023,32,32,Tăng tần suất rà soát và kiểm soát,2025-12-02 09:16:00
KPI-0406,P.PM,Q4/2023,32,40,Nhân sự phối hợp tốt giữa các bộ phận,2026-04-27 14:22:00
KPI-0407,P.ATTT,Q1/2023,93%,96%,Kế hoạch được triển khai đúng tiến độ,2025-03-12 14:41:00
KPI-0408,P.DVKH,Q1/2024,90%,82%,Thời gian bảo trì kéo dài hơn kế hoạch,2026-04-28 11:56:00
KPI-0409,TT.CNTT,Q3/2024,33,26,Thiếu nhân sự trong thời gian cao điểm,2025-07-27 14:21:00
KPI-0410,TT.HTKT,Q4/2024,94%,92%,Dữ liệu đầu vào cập nhật chưa kịp thời,2025-12-08 15:30:00
KPI-0411,BAN.CL,Q2/2023,92%,92%,Kế hoạch được triển khai đúng tiến độ,2025-01-25 16:38:00
KPI-0412,P.DL,Q1/2022,73,73,Hệ thống hoạt động ổn định trong kỳ,2025-04-20 16:43:00
KPI-0413,TT.CNTT,Q3/2021,34,29,Tỷ lệ xử lý tồn đọng cao hơn dự kiến,2025-05-05 13:57:00
KPI-0414,BAN.DA,Q3/2024,16,23,Hệ thống hoạt động ổn định trong kỳ,2026-03-03 09:59:00
KPI-0415,P.DL,Q3/2025,89%,88%,Thời gian bảo trì kéo dài hơn kế hoạch,2025-10-26 10:52:00
KPI-0416,TT.VHTH,Q4/2022,95,80,Một số hạng mục triển khai chậm tiến độ,2025-06-19 13:00:00
KPI-0417,TT.VHTH,Q4/2024,8.6,8.1,Một số hạng mục triển khai chậm tiến độ,2025-02-07 09:09:00
KPI-0418,BAN.DA,Q2/2023,98%,100%,Kế hoạch được triển khai đúng tiến độ,2026-01-08 08:22:00
KPI-0419,P.HTTT,Q2/2025,59,62,Tăng tần suất rà soát và kiểm soát,2025-07-18 16:42:00
KPI-0420,P.HTTT,Q1/2025,99%,94%,Phát sinh lỗi kỹ thuật ngoài kế hoạch,2025-03-30 15:43:00
KPI-0421,BAN.DA,Q2/2021,87,82,Thiếu nhân sự trong thời gian cao điểm,2026-06-11 12:17:00
KPI-0422,TT.VHTH,Q3/2024,95%,88%,Phụ thuộc tiến độ từ đơn vị phối hợp,2025-06-08 08:33:00
KPI-0423,P.PM,Q4/2023,99%,96%,Thiếu nhân sự trong thời gian cao điểm,2025-01-05 18:23:00
KPI-0424,P.HTTT,Q2/2022,98%,96%,Thiếu nhân sự trong thời gian cao điểm,2025-01-29 12:13:00
KPI-0425,TT.CNTT,Q2/2024,32,35,Quy trình vận hành ổn định,2025-05-19 08:15:00
KPI-0426,TT.CNTT,Q2/2022,37,36,Dữ liệu đầu vào cập nhật chưa kịp thời,2025-10-28 12:08:00
KPI-0427,P.HTTT,Q2/2021,98%,96%,Khối lượng công việc tăng đột biến,2025-06-05 13:04:00
KPI-0428,BAN.CL,Q4/2022,12,4,Tỷ lệ xử lý tồn đọng cao hơn dự kiến,2026-03-25 17:00:00
KPI-0429,P.DL,Q1/2021,80,86,Tăng cường giám sát và cảnh báo sớm,2025-12-19 16:18:00
KPI-0430,P.DVKH,Q2/2022,94%,93%,Một số hạng mục triển khai chậm tiến độ,2025-08-01 09:33:00
KPI-0431,P.ATTT,Q2/2025,16,24,Quy trình vận hành ổn định,2026-05-14 13:45:00
KPI-0432,P.DVKH,Q1/2025,48,49,Quy trình vận hành ổn định,2025-02-26 15:10:00
KPI-0433,BAN.CL,Q4/2024,97%,90%,Một số hạng mục triển khai chậm tiến độ,2025-10-21 10:39:00
KPI-0434,TT.CNTT,Q2/2021,90%,87%,Thiếu nhân sự trong thời gian cao điểm,2025-10-21 10:23:00
KPI-0435,BAN.CL,Q2/2021,9.1,9.8,Tự động hóa giúp rút ngắn thời gian xử lý,2026-04-23 12:00:00
KPI-0436,TT.CNTT,Q1/2021,48,54,Tự động hóa giúp rút ngắn thời gian xử lý,2025-11-01 11:31:00
KPI-0437,P.PM,Q4/2024,90%,89%,Phụ thuộc tiến độ từ đơn vị phối hợp,2025-02-24 15:25:00
KPI-0438,TT.HTKT,Q2/2022,85%,81%,Thời gian bảo trì kéo dài hơn kế hoạch,2025-02-21 12:22:00
KPI-0439,P.PM,Q1/2025,96%,89%,Phát sinh lỗi kỹ thuật ngoài kế hoạch,2025-03-04 09:41:00
KPI-0440,P.ATTT,Q3/2024,110,95,Thời gian bảo trì kéo dài hơn kế hoạch,2025-12-01 10:38:00
KPI-0441,P.PM,Q2/2024,46,47,Cải tiến quy trình kiểm tra định kỳ,2025-08-30 13:00:00
KPI-0442,P.PM,Q3/2024,94%,99%,Tăng cường giám sát và cảnh báo sớm,2025-12-30 13:45:00
KPI-0443,BAN.DA,Q2/2023,90%,90%,Tăng cường giám sát và cảnh báo sớm,2026-02-17 08:43:00
KPI-0444,TT.HTKT,Q3/2023,84%,76%,Phát sinh lỗi kỹ thuật ngoài kế hoạch,2025-12-07 11:56:00
KPI-0445,TT.VHTH,Q4/2023,36,36,Nhân sự phối hợp tốt giữa các bộ phận,2025-11-06 08:17:00
KPI-0446,BAN.CL,Q4/2024,94%,89%,Tỷ lệ xử lý tồn đọng cao hơn dự kiến,2026-03-04 18:45:00
KPI-0447,TT.VHTH,Q1/2024,99%,98%,Một số hạng mục triển khai chậm tiến độ,2025-12-01 14:55:00
KPI-0448,P.ATTT,Q3/2022,12,9,Phát sinh lỗi kỹ thuật ngoài kế hoạch,2025-05-18 17:07:00
KPI-0449,P.HTTT,Q4/2021,8.3,7.8,Khối lượng công việc tăng đột biến,2025-12-31 15:17:00
KPI-0450,TT.HTKT,Q3/2025,84,87,Tăng tần suất rà soát và kiểm soát,2026-05-31 11:09:00
KPI-0451,BAN.CL,Q2/2023,120,128,Tăng tần suất rà soát và kiểm soát,2026-01-29 17:10:00
KPI-0452,P.DL,Q2/2022,93%,86%,Dữ liệu đầu vào cập nhật chưa kịp thời,2026-06-03 13:56:00
KPI-0453,P.PM,Q1/2025,9.0,8.3,Dữ liệu đầu vào cập nhật chưa kịp thời,2026-03-28 16:45:00
KPI-0454,P.HTTT,Q4/2025,8.1,8.6,Quy trình vận hành ổn định,2025-11-18 11:20:00
KPI-0455,TT.CNTT,Q4/2021,20,28,Quy trình vận hành ổn định,2026-04-17 08:10:00
KPI-0456,TT.VHTH,Q3/2025,12,22,Tăng cường giám sát và cảnh báo sớm,2026-06-16 10:42:00
KPI-0457,TT.VHTH,Q1/2025,8.7,8.4,Dữ liệu đầu vào cập nhật chưa kịp thời,2025-08-11 10:23:00
KPI-0458,BAN.CL,Q2/2022,50,48,Phụ thuộc tiến độ từ đơn vị phối hợp,2026-07-08 13:34:00
KPI-0459,P.ATTT,Q1/2024,88%,87%,Thời gian bảo trì kéo dài hơn kế hoạch,2026-03-11 15:56:00
KPI-0460,P.DL,Q3/2025,91%,90%,Dữ liệu đầu vào cập nhật chưa kịp thời,2026-04-15 16:38:00
KPI-0461,TT.HTKT,Q4/2024,97%,92%,Phụ thuộc tiến độ từ đơn vị phối hợp,2025-09-30 17:05:00
KPI-0462,P.DL,Q1/2024,84%,78%,Thời gian bảo trì kéo dài hơn kế hoạch,2025-07-31 12:39:00
KPI-0463,TT.CNTT,Q1/2024,8.0,8.3,Tự động hóa giúp rút ngắn thời gian xử lý,2026-05-18 11:06:00
KPI-0464,P.HTTT,Q2/2021,48,56,Cải tiến quy trình kiểm tra định kỳ,2025-09-05 15:23:00
KPI-0465,P.HTTT,Q3/2025,84%,80%,Thời gian bảo trì kéo dài hơn kế hoạch,2026-06-17 08:19:00
KPI-0466,BAN.DA,Q4/2025,8.5,7.9,Một số hạng mục triển khai chậm tiến độ,2026-06-03 12:17:00
KPI-0467,P.ATTT,Q4/2022,32,34,Hệ thống hoạt động ổn định trong kỳ,2025-06-25 15:57:00
KPI-0468,BAN.DA,Q3/2025,90%,92%,Kế hoạch được triển khai đúng tiến độ,2026-06-04 09:24:00
KPI-0469,BAN.CL,Q3/2024,20,14,Khối lượng công việc tăng đột biến,2025-02-05 18:06:00
KPI-0470,P.ATTT,Q4/2021,90%,86%,Phụ thuộc tiến độ từ đơn vị phối hợp,2026-07-06 14:23:00
KPI-0471,P.DL,Q1/2025,89%,87%,Khối lượng công việc tăng đột biến,2025-12-30 14:09:00
KPI-0472,BAN.DA,Q2/2025,95%,88%,Thiếu nhân sự trong thời gian cao điểm,2026-04-15 13:46:00
KPI-0473,P.PM,Q3/2022,16,15,Thời gian bảo trì kéo dài hơn kế hoạch,2025-09-10 08:28:00
KPI-0474,P.ATTT,Q2/2022,77,83,Hệ thống hoạt động ổn định trong kỳ,2025-04-07 18:26:00
KPI-0475,BAN.DA,Q1/2021,7.9,8.3,Tự động hóa giúp rút ngắn thời gian xử lý,2025-05-02 09:43:00
KPI-0476,P.DVKH,Q4/2022,89%,93%,Nhân sự phối hợp tốt giữa các bộ phận,2025-12-10 09:48:00
KPI-0477,TT.VHTH,Q1/2022,85%,81%,Phụ thuộc tiến độ từ đơn vị phối hợp,2026-01-29 10:40:00
KPI-0478,P.DL,Q2/2024,50,56,Hệ thống hoạt động ổn định trong kỳ,2025-07-25 08:17:00
KPI-0479,P.ATTT,Q3/2023,20,18,Thời gian bảo trì kéo dài hơn kế hoạch,2026-08-07 15:58:00
KPI-0480,P.HTTT,Q4/2024,96%,94%,Một số hạng mục triển khai chậm tiến độ,2026-05-27 09:14:00
KPI-0481,P.HTTT,Q2/2023,97%,98%,Tăng cường giám sát và cảnh báo sớm,2026-01-30 13:16:00
KPI-0482,TT.CNTT,Q4/2024,43,45,Tăng tần suất rà soát và kiểm soát,2025-01-28 12:18:00
KPI-0483,P.PM,Q3/2025,94%,92%,Một số hạng mục triển khai chậm tiến độ,2025-12-23 10:51:00
KPI-0484,TT.VHTH,Q1/2025,110,98,Phát sinh lỗi kỹ thuật ngoài kế hoạch,2025-04-09 16:19:00
KPI-0485,TT.HTKT,Q2/2025,91%,87%,Tỷ lệ xử lý tồn đọng cao hơn dự kiến,2026-01-27 13:45:00
KPI-0486,P.ATTT,Q3/2022,9.5,9.4,Khối lượng công việc tăng đột biến,2025-08-17 16:38:00
KPI-0487,TT.VHTH,Q2/2025,100%,100%,Hệ thống hoạt động ổn định trong kỳ,2026-06-22 09:22:00
KPI-0488,P.DVKH,Q1/2021,40,49,Kế hoạch được triển khai đúng tiến độ,2025-12-20 17:54:00
KPI-0489,BAN.DA,Q2/2022,7.9,7.7,Một số hạng mục triển khai chậm tiến độ,2026-08-03 13:13:00
KPI-0490,BAN.DA,Q3/2021,92%,92%,Quy trình vận hành ổn định,2025-07-02 14:59:00
KPI-0491,P.ATTT,Q4/2022,91%,92%,Cải tiến quy trình kiểm tra định kỳ,2025-04-23 09:25:00
KPI-0492,BAN.DA,Q3/2024,89%,92%,Nhân sự phối hợp tốt giữa các bộ phận,2025-11-12 11:00:00
KPI-0493,P.HTTT,Q1/2022,93%,88%,Thời gian bảo trì kéo dài hơn kế hoạch,2026-03-08 08:18:00
KPI-0494,P.HTTT,Q4/2023,84%,78%,Một số hạng mục triển khai chậm tiến độ,2025-05-29 15:16:00
KPI-0495,BAN.CL,Q3/2023,84%,83%,Thiếu nhân sự trong thời gian cao điểm,2026-03-30 15:39:00
KPI-0496,P.PM,Q4/2021,96%,90%,Thiếu nhân sự trong thời gian cao điểm,2025-04-03 18:06:00
KPI-0497,P.HTTT,Q2/2021,12,17,Quy trình vận hành ổn định,2025-08-14 08:26:00
KPI-0498,P.DVKH,Q1/2021,9.2,8.8,Dữ liệu đầu vào cập nhật chưa kịp thời,2025-05-29 18:17:00
KPI-0499,BAN.CL,Q1/2022,7.8,8.3,Nhân sự phối hợp tốt giữa các bộ phận,2025-01-14 18:24:00
KPI-0500,TT.HTKT,Q4/2025,9.4,10.1,Kế hoạch được triển khai đúng tiến độ,2026-07-03 08:53:00
